{"cameraMode":{"drawMode":0,"name":"Shaded","section":"Shading Mode"},"sceneLighting":false,"audioPlay":false,"sceneViewState":{"m_AlwaysRefresh":false,"showFog":true,"showSkybox":false,"showFlares":true,"showImageEffects":true,"showParticleSystems":true,"showVisualEffectGraphs":true,"m_FxEnabled":true},"in2DMode":false,"pivot":{"x":-0.0000014328593351820019,"y":0.21400026977062226,"z":-0.000004300005912227789},"rotation":{"x":0.02362239547073841,"y":-0.9741394519805908,"z":0.18877048790454865,"w":0.12190213799476624},"size":0.28517505526542666,"orthographic":false}